{
    "backends": {
        "ITG_OM_SERVER": {
            "servers": [
                {
                    "url": "https://aemxoicdev-axbqkt9wkonz-px.integration.ocp.oraclecloud.com",
                    "description": "Default Server",
                    "x-vb": {
                        "anonymousAccess": true,
                        "authentication": {
                            "authenticated": {
                                "type": "basic",
                                "credentials": "vb_77a2601e-6bba-4137-a27b-669d8eab2ca4"
                            },
                            "anonymous": {
                                "type": "basic",
                                "credentials": "vb_73418db3-c240-41a0-bea8-046a58092fca"
                            }
                        }
                    }
                }
            ]
        }
      }
}