{
  "app_title_navigation_drawer": "Application Navigation Drawer",
  "@app_title_navigation_drawer": {
    "description": "Title for Application Navigation Drawer"
  },
  "app_footer_about_link": "About",
  "@app_footer_about_link": {
    "description": "About link on shell footer"
  },
  "app_footer_copyright": "Created with Visual Builder, Copyright © 2022",
  "@app_footer_copyright": {
    "description": "Copyright text on shell footer"
  },
  "app_sign_out": "Sign Out",
  "@app_sign_out": {
    "description": "Text on menu option to log out of the application"
  },
  "titlemain_text": "Despacho de pedidos",
  "@titlemain_text": {
    "description": ""
  },
  "button_label": "Ejecución de proceso",
  "@button_label": {
    "description": ""
  },
  "table_columns_header_text": "Numero de pedido",
  "@table_columns_header_text": {
    "description": ""
  },
  "table_columns_header_text_ee9f": "Moneda",
  "@table_columns_header_text_ee9f": {
    "description": ""
  },
  "table_columns_header_text_43f3": "Cliente",
  "@table_columns_header_text_43f3": {
    "description": ""
  },
  "table_columns_header_text_dd24": "Unidad de negocio",
  "@table_columns_header_text_dd24": {
    "description": ""
  },
  "table_columns_header_text_6584": "Numero de orden",
  "@table_columns_header_text_6584": {
    "description": ""
  },
  "table_columns_header_text_b9ab": "Estado",
  "@table_columns_header_text_b9ab": {
    "description": ""
  },
  "table_columns_header_text_1192": "Acciones",
  "@table_columns_header_text_1192": {
    "description": ""
  },
  "highlight_text_text": "ID de ejecucion: ",
  "@highlight_text_text": {
    "description": ""
  },
  "button_label_b76a": "Descargar Log",
  "@button_label_b76a": {
    "description": ""
  },
  "_summary": "Descargando Log",
  "@_summary": {
    "description": ""
  },
  "button_label_11d1": "Limpiar",
  "@button_label_11d1": {
    "description": ""
  },
  "dialog_dialog_title": "Detalles",
  "@dialog_dialog_title": {
    "description": ""
  },
  "button__text": "Cerrar",
  "@button__text": {
    "description": ""
  },
  "table_columns_header_text_d2b6": "Producto",
  "@table_columns_header_text_d2b6": {
    "description": ""
  },
  "table_columns_header_text_22a1": "UOM",
  "@table_columns_header_text_22a1": {
    "description": ""
  },
  "table_columns_header_text_d8b7": "Cantidad Ordenada",
  "@table_columns_header_text_d8b7": {
    "description": ""
  },
  "a__text": "Hyperlink",
  "@a__text": {
    "description": ""
  },
  "loadingStart_dialog_title": "Cargando",
  "@loadingStart_dialog_title": {
    "description": ""
  },
  "_summary_f042": "Ejecución enviada",
  "@_summary_f042": {
    "description": ""
  },
  "_message": "Espere a que termine el proceso, los datos se refrescaran en tiempo real",
  "@_message": {
    "description": ""
  },
  "table_columns_header_text_a0bc": "Acciones",
  "@table_columns_header_text_a0bc": {
    "description": ""
  },
  "input_text_label_hint": "Buscar Carga",
  "@input_text_label_hint": {
    "description": ""
  }
}