{
    "openapi": "3.0.0",
    "info": {
        "title": "ITG OM SERVER",
        "version": "1.0.0"
    },
    "servers": [
        {
            "url": "vb-catalog://backends/ITG_OM_SERVER",
            "description": "ITG OM SERVER"
        }
    ],
    "paths": {
        "/ic/api/integration/v1/flows/rest/INT_JHM_TO_OM/1.0/process": {
            "post": {
                "operationId": "executeProcess",
                "parameters": [
                    {
                        "name": "socketId",
                        "in": "query",
                        "schema": {
                            "type": "string"
                        }
                    }
                ],
                "requestBody": {
                    "content": {
                        "application/json": {
                            "schema": {
                                "$ref": "#/components/schemas/PostIcApiIntegrationV1FlowsRestINT_JHM_TO_OM1_0ProcessRequest"
                            },
                            "examples": {
                                "vb": {
                                    "externalValue": "./examples/executeProcess/request_application_json_vb.json"
                                }
                            }
                        }
                    }
                },
                "responses": {
                    "default": {
                        "description": "Default response",
                        "content": {
                            "application/json": {
                                "schema": {
                                    "$ref": "#/components/schemas/PostIcApiIntegrationV1FlowsRestINT_JHM_TO_OM1_0ProcessResponse"
                                },
                                "examples": {
                                    "vb": {
                                        "externalValue": "./examples/executeProcess/response_default_application_json_vb.json"
                                    }
                                }
                            }
                        }
                    }
                },
                "x-vb": {
                    "actionHint": "create",
                    "queryParameters": {}
                }
            }
        }
    },
    "components": {
        "schemas": {
            "PostIcApiIntegrationV1FlowsRestINT_JHM_TO_OM1_0ProcessRequest": {
                "type": "object",
                "properties": {
                    "client": {
                        "type": "string"
                    },
                    "data": {
                        "type": "array",
                        "items": {
                            "type": "object",
                            "properties": {
                                "idHeader": {
                                    "type": "string"
                                },
                                "OrderNumber": {
                                    "type": "string"
                                },
                                "HeaderId": {
                                    "type": "string"
                                },
                                "SourceTransactionNumber": {
                                    "type": "string"
                                },
                                "SourceTransactionSystem": {
                                    "type": "string"
                                },
                                "BusinessUnitName": {
                                    "type": "string"
                                },
                                "BuyingPartyName": {
                                    "type": "string"
                                },
                                "RequestedFulfillmentOrganizationName": {
                                    "type": "string"
                                },
                                "BuyingPartyContactName": {
                                    "type": "string"
                                },
                                "TransactionType": {
                                    "type": "string"
                                },
                                "RequestedShipDate": {
                                    "type": "string"
                                },
                                "TransactionalCurrencyName": {
                                    "type": "string"
                                },
                                "CustomerPONumber": {
                                    "type": "string"
                                },
                                "PaymentTerms": {
                                    "type": "string"
                                },
                                "IdLoad": {
                                    "type": "string"
                                },
                                "lines": {
                                    "type": "array",
                                    "items": {
                                        "type": "object",
                                        "properties": {
                                            "IdLine": {
                                                "type": "string"
                                            },
                                            "LineNumber": {
                                                "type": "string"
                                            },
                                            "idHeader": {
                                                "type": "string"
                                            },
                                            "HeaderId": {
                                                "type": "string"
                                            },
                                            "LineId": {
                                                "type": "string"
                                            },
                                            "TransactionCategoryCode": {
                                                "type": "string"
                                            },
                                            "TransactionLineType": {
                                                "type": "string"
                                            },
                                            "ProductNumber": {
                                                "type": "string"
                                            },
                                            "UnitSellingPrice": {
                                                "type": "integer"
                                            },
                                            "OrderedQuantity": {
                                                "type": "integer"
                                            },
                                            "OrderedUOMCode": {
                                                "type": "string"
                                            }
                                        }
                                    }
                                }
                            }
                        }
                    }
                }
            },
            "PostIcApiIntegrationV1FlowsRestINT_JHM_TO_OM1_0ProcessResponse": {
                "type": "object",
                "properties": {
                    "d": {
                        "type": "string"
                    }
                }
            }
        }
    }
}