{
    "openapi": "3.0.0",
    "info": {
        "title": "ITG OM SERVER",
        "version": "1.0.0"
    },
    "servers": [
        {
            "url": "vb-catalog://backends/ITG_OM_SERVER",
            "description": "ITG OM SERVER"
        }
    ],
    "paths": {
        "/ic/api/integration/v1/lookups/{name}/archive": {
            "parameters": [
                {
                    "name": "name",
                    "in": "path",
                    "required": true,
                    "schema": {
                        "type": "string"
                    },
                    "x-vb": {
                        "defaultValue": "SCM_OM_STATUSES"
                    }
                }
            ],
            "get": {
                "operationId": "getLooup",
                "responses": {
                    "default": {
                        "description": "Default response",
                        "content": {
                            "application/octet-stream": {}
                        }
                    }
                },
                "x-vb": {
                    "actionHint": "getMany"
                }
            }
        }
    }
}