{
    "openapi": "3.0.0",
    "info": {
        "title": "ITG OM SERVER",
        "version": "1.0.0"
    },
    "servers": [
        {
            "url": "vb-catalog://backends/ITG_OM_SERVER",
            "description": "ITG OM SERVER"
        }
    ],
    "paths": {
        "/ic/api/integration/v1/flows/rest/OUT_JHM_TO_OM_VB/1.0/update/clients/{clientid}": {
            "parameters": [
                {
                    "name": "clientid",
                    "in": "path",
                    "required": true,
                    "schema": {
                        "type": "string"
                    }
                }
            ],
            "patch": {
                "operationId": "UpdateClientsOrder",
                "requestBody": {
                    "content": {
                        "application/json": {
                            "schema": {
                                "$ref": "#/components/schemas/PatchIcApiIntegrationV1FlowsRestOUT_JHM_TO_OM_VB1_0UpdateClientsClientidRequest"
                            },
                            "examples": {
                                "vb": {
                                    "externalValue": "./examples/UpdateClientsOrder/request_application_json_vb.json"
                                }
                            }
                        }
                    }
                },
                "responses": {
                    "default": {
                        "description": "Default response",
                        "content": {
                            "application/json": {
                                "schema": {
                                    "$ref": "#/components/schemas/PatchIcApiIntegrationV1FlowsRestOUT_JHM_TO_OM_VB1_0UpdateClientsClientidResponse"
                                },
                                "examples": {
                                    "vb": {
                                        "externalValue": "./examples/UpdateClientsOrder/response_default_application_json_vb.json"
                                    }
                                }
                            }
                        }
                    }
                },
                "x-vb": {
                    "actionHint": "update"
                }
            }
        }
    },
    "components": {
        "schemas": {
            "PatchIcApiIntegrationV1FlowsRestOUT_JHM_TO_OM_VB1_0UpdateClientsClientidRequest": {
                "type": "array",
                "items": {
                    "type": "object",
                    "properties": {
                        "idHeader": {
                            "type": "string"
                        }
                    }
                }
            },
            "PatchIcApiIntegrationV1FlowsRestOUT_JHM_TO_OM_VB1_0UpdateClientsClientidResponse": {
                "type": "object",
                "properties": {
                    "msg": {
                        "type": "string"
                    }
                }
            }
        }
    }
}