{
  "title": "main",
  "description": "",
  "variables": {
    "arrayUoms": {
      "type": "uoms[]"
    },
    "cientId": {
      "type": "string"
    },
    "details": {
      "type": "OrderType"
    },
    "hostWss": {
      "type": "string",
      "defaultValue": "orders-gb.fly.dev",
      "input": "fromUrl"
    },
    "inputAdmin": {
      "type": "string"
    },
    "isAdmin": {
      "type": "string",
      "defaultValue": "Y",
      "input": "fromUrl"
    },
    "isLoading": {
      "type": "boolean",
      "defaultValue": false
    },
    "socketId": {
      "type": "string"
    },
    "statusData": {
      "type": "StatusType[]"
    },
    "TABLE_LINES_ADP": {
      "type": "vb/ArrayDataProvider2",
      "defaultValue": {
        "itemType": "LineType",
        "keyAttributes": "IdLine"
      }
    },
    "TABLE_ORDERS_ADP": {
      "type": "vb/ArrayDataProvider2",
      "defaultValue": {
        "itemType": "OrderType",
        "keyAttributes": "idHeader"
      }
    }

  },
  "metadata": {},
  "types": {
    "LineType": {
      "IdLine": "string",
      "LineNumber": "string",
      "idHeader": "string",
      "HeaderId": "string",
      "LineId": "string",
      "ProductNumber": "string",
      "UnitSellingPrice": "string",
      "OrderedQuantity": "string",
      "OrderedUOMCode": "string",
      "TransactionLineType": "string",
      "TransactionCategoryCode": "string"
    },
    "OrderType": {
      "idHeader": "string",
      "lines": "LineType[]",
      "OrderNumber": "string",
      "HeaderId": "string",
      "SourceTransactionNumber": "string",
      "SourceTransactionSystem": "string",
      "BusinessUnitName": "string",
      "BuyingPartyName": "string",
      "BuyingPartyContactName": "string",
      "TransactionType": "string",
      "RequestedShipDate": "string",
      "TransactionalCurrencyName": "string",
      "CustomerPONumber": "string",
      "PaymentTerms": "string",
      "Status": "string",
      "ClientId": "string",
      "LastUpdateDate": "string",
      "IdLoad": "string",
      "FileError": "string",
      "RequestedFulfillmentOrganizationName": "string"

    },
    "StatusType": {
      "code": "string",
      "meaning": "string"
    },
    "uoms": {
      "uOM": "string",
      "uOMCode": "string"
    }
  },
  "eventListeners": {
    "buttonAction": {
      "chains": [
        {
          "chain": "PushProcess"
        }
      ]
    },
    "buttonAction2": {
      "chains": [
        {
          "chain": "DownloadAction",
          "parameters": {
            "key": "{{ $current.key }}",
            "index": "{{ $current.index }}",
            "current": "{{ $current }}"
          }
        }
      ]
    },
    "buttonAction3": {
      "chains": [
        {
          "chain": "ResetData"
        }
      ]
    },
    "buttonAction4": {
      "chains": [
        {
          "chain": "CloseDialog"
        }
      ]
    },
    "hyperlinkClick": {
      "chains": [
        {
          "chain": "OpenDetails",
          "parameters": {
            "key": "{{ $current.key }}",
            "index": "{{ $current.index }}",
            "current": "{{ $current }}"
          }
        }
      ]
    },
    "inputTextValue": {
      "chains": [
        {
          "chain": "InputTextValueChangeChain",
          "parameters": {
            "value": "{{ $event.detail.value }}"
          }
        }
      ]
    },
    "toggleDrawer": {
      "chains": [
        {
          "chain": "application:toggleDrawerHandler"
        }
      ]
    },
    "vbEnter": {
      "chains": [
        {
          "parameters": {},
          "chain": "GetServerSideProps"
        }
      ]
    }

  },
  "imports": {
    "components": {
      "oj-button": {
        "path": "ojs/ojbutton"
      },
      "oj-dialog": {
        "path": "ojs/ojdialog"
      },
      "oj-dynamic-table": {
        "path": "oj-dynamic/table/loader"
      },
      "oj-highlight-text": {
        "path": "ojs/ojhighlighttext"
      },
      "oj-input-text": {
        "path": "ojs/ojinputtext"
      },
      "oj-label": {
        "path": "ojs/ojlabel"
      },
      "oj-popup": {
        "path": "ojs/ojpopup"
      },
      "oj-table": {
        "path": "ojs/ojtable"
      }

    }
  }
}