{
    "openapi": "3.0.0",
    "info": {
        "title": "ITG OM SERVER",
        "version": "1.0.0"
    },
    "servers": [
        {
            "url": "vb-catalog://backends/ITG_OM_SERVER",
            "description": "ITG OM SERVER"
        }
    ],
    "paths": {
        "/ic/api/integration/v1/flows/rest/OUT_JHM_TO_OM_VB/1.0/orders": {
            "get": {
                "operationId": "GetAllOrders",
                "parameters": [
                    {
                        "name": "client",
                        "in": "query",
                        "schema": {
                            "type": "string"
                        },
                        "x-vb": {
                            "defaultValue": "0"
                        }
                    }
                ],
                "responses": {
                    "default": {
                        "description": "Default response",
                        "content": {
                            "application/json": {
                                "schema": {
                                    "$ref": "#/components/schemas/GetIcApiIntegrationV1FlowsRestOUT_JHM_TO_OM_VB1_0Orders"
                                },
                                "examples": {
                                    "vb": {
                                        "externalValue": "./examples/GetAllOrders/response_default_application_json_vb.json"
                                    }
                                }
                            }
                        }
                    }
                },
                "x-vb": {
                    "actionHint": "getMany",
                    "queryParameters": {}
                }
            }
        },
        "/ic/api/integration/v1/flows/rest/OUT_JHM_TO_OM_VB/1.0/process": {
            "post": {
                "operationId": "PushProcess",
                "parameters": [
                    {
                        "name": "socketId",
                        "in": "query",
                        "schema": {
                            "type": "string"
                        }
                    }
                ],
                "requestBody": {
                    "content": {
                        "application/json": {
                            "schema": {
                                "$ref": "#/components/schemas/PostIcApiIntegrationV1FlowsRestOUT_JHM_TO_OM_VB1_0ProcessRequest"
                            },
                            "examples": {
                                "vb": {
                                    "externalValue": "./examples/PushProcess/request_application_json_vb.json"
                                }
                            }
                        }
                    }
                },
                "responses": {
                    "default": {
                        "description": "Default response",
                        "content": {
                            "application/json": {
                                "schema": {
                                    "$ref": "#/components/schemas/PostIcApiIntegrationV1FlowsRestOUT_JHM_TO_OM_VB1_0ProcessResponse"
                                },
                                "examples": {
                                    "vb": {
                                        "externalValue": "./examples/PushProcess/response_default_application_json_vb.json"
                                    }
                                }
                            }
                        }
                    }
                },
                "x-vb": {
                    "actionHint": "custom",
                    "queryParameters": {}
                }
            }
        },
        "/ic/api/integration/v1/flows/rest/OUT_JHM_TO_OM_VB/1.0/download/{load}": {
            "parameters": [
                {
                    "name": "load",
                    "in": "path",
                    "required": true,
                    "schema": {
                        "type": "string"
                    }
                }
            ],
            "get": {
                "operationId": "DownloadFile",
                "responses": {
                    "default": {
                        "description": "Default response",
                        "content": {
                            "application/octet-stream": {}
                        }
                    }
                },
                "x-vb": {
                    "actionHint": "getOne"
                }
            }
        },
        "/ic/api/integration/v1/flows/rest/OUT_JHM_TO_OM_VB/1.0/org/{load}": {
            "parameters": [
                {
                    "name": "load",
                    "in": "path",
                    "required": true,
                    "schema": {
                        "type": "string"
                    }
                }
            ],
            "post": {
                "operationId": "PopulateOrgs",
                "requestBody": {
                    "content": {
                        "application/json": {
                            "schema": {
                                "$ref": "#/components/schemas/PostIcApiIntegrationV1FlowsRestOUT_JHM_TO_OM_VB1_0OrgLoadRequest"
                            },
                            "examples": {
                                "vb": {
                                    "externalValue": "./examples/PopulateOrgs/request_application_json_vb.json"
                                }
                            }
                        }
                    }
                },
                "responses": {
                    "default": {
                        "description": "Default response",
                        "content": {
                            "application/json": {
                                "schema": {
                                    "$ref": "#/components/schemas/PostIcApiIntegrationV1FlowsRestOUT_JHM_TO_OM_VB1_0OrgLoadResponse"
                                },
                                "examples": {
                                    "vb": {
                                        "externalValue": "./examples/PopulateOrgs/response_default_application_json_vb.json"
                                    }
                                }
                            }
                        }
                    }
                },
                "x-vb": {
                    "actionHint": "create"
                }
            }
        }
    },
    "components": {
        "schemas": {
            "GetIcApiIntegrationV1FlowsRestOUT_JHM_TO_OM_VB1_0Orders": {
                "type": "object",
                "properties": {
                    "error": {
                        "type": "boolean"
                    },
                    "msg": {
                        "type": "string"
                    },
                    "code": {
                        "type": "string"
                    },
                    "data": {
                        "type": "array",
                        "items": {
                            "type": "object",
                            "properties": {
                                "idHeader": {
                                    "type": "string"
                                },
                                "OrderNumber": {
                                    "type": "string"
                                },
                                "HeaderId": {
                                    "type": "string"
                                },
                                "SourceTransactionNumber": {
                                    "type": "string"
                                },
                                "SourceTransactionSystem": {
                                    "type": "string"
                                },
                                "BusinessUnitName": {
                                    "type": "string"
                                },
                                "BuyingPartyName": {
                                    "type": "string"
                                },
                                "BuyingPartyContactName": {
                                    "type": "string"
                                },
                                "TransactionType": {
                                    "type": "string"
                                },
                                "RequestedShipDate": {
                                    "type": "string"
                                },
                                "TransactionalCurrencyName": {
                                    "type": "string"
                                },
                                "CustomerPONumber": {
                                    "type": "string"
                                },
                                "PaymentTerms": {
                                    "type": "string"
                                },
                                "Status": {
                                    "type": "string"
                                },
                                "ClientId": {
                                    "type": "string"
                                },
                                "LastUpdateDate": {
                                    "type": "string"
                                },
                                "IdLoad": {
                                    "type": "string"
                                },
                                "FileError": {
                                    "type": "string"
                                },
                                "RequestedFulfillmentOrganizationName": {
                                    "type": "string"
                                },
                                "lines": {
                                    "type": "array",
                                    "items": {
                                        "type": "object",
                                        "properties": {
                                            "IdLine": {
                                                "type": "string"
                                            },
                                            "LineNumber": {
                                                "type": "string"
                                            },
                                            "idHeader": {
                                                "type": "string"
                                            },
                                            "HeaderId": {
                                                "type": "string"
                                            },
                                            "LineId": {
                                                "type": "string"
                                            },
                                            "ProductNumber": {
                                                "type": "string"
                                            },
                                            "UnitSellingPrice": {
                                                "type": "string"
                                            },
                                            "OrderedQuantity": {
                                                "type": "string"
                                            },
                                            "OrderedUOMCode": {
                                                "type": "string"
                                            },
                                            "TransactionLineType": {
                                                "type": "string"
                                            },
                                            "TransactionCategoryCode": {
                                                "type": "string"
                                            }
                                        }
                                    }
                                }
                            }
                        }
                    }
                }
            },
            "PostIcApiIntegrationV1FlowsRestOUT_JHM_TO_OM_VB1_0ProcessRequest": {
                "type": "object",
                "properties": {
                    "client": {
                        "type": "string"
                    },
                    "data": {
                        "type": "array",
                        "items": {
                            "type": "object",
                            "properties": {
                                "idHeader": {
                                    "type": "string"
                                },
                                "OrderNumber": {
                                    "type": "string"
                                },
                                "HeaderId": {
                                    "type": "string"
                                },
                                "SourceTransactionNumber": {
                                    "type": "string"
                                },
                                "SourceTransactionSystem": {
                                    "type": "string"
                                },
                                "BusinessUnitName": {
                                    "type": "string"
                                },
                                "BuyingPartyName": {
                                    "type": "string"
                                },
                                "RequestedFulfillmentOrganizationName": {
                                    "type": "string"
                                },
                                "BuyingPartyContactName": {
                                    "type": "string"
                                },
                                "TransactionType": {
                                    "type": "string"
                                },
                                "RequestedShipDate": {
                                    "type": "string"
                                },
                                "TransactionalCurrencyName": {
                                    "type": "string"
                                },
                                "CustomerPONumber": {
                                    "type": "string"
                                },
                                "PaymentTerms": {
                                    "type": "string"
                                },
                                "IdLoad": {
                                    "type": "string"
                                },
                                "lines": {
                                    "type": "array",
                                    "items": {
                                        "type": "object",
                                        "properties": {
                                            "IdLine": {
                                                "type": "string"
                                            },
                                            "LineNumber": {
                                                "type": "string"
                                            },
                                            "idHeader": {
                                                "type": "string"
                                            },
                                            "HeaderId": {
                                                "type": "string"
                                            },
                                            "LineId": {
                                                "type": "string"
                                            },
                                            "TransactionCategoryCode": {
                                                "type": "string"
                                            },
                                            "TransactionLineType": {
                                                "type": "string"
                                            },
                                            "ProductNumber": {
                                                "type": "string"
                                            },
                                            "UnitSellingPrice": {
                                                "type": "integer"
                                            },
                                            "OrderedQuantity": {
                                                "type": "integer"
                                            },
                                            "OrderedUOMCode": {
                                                "type": "string"
                                            }
                                        }
                                    }
                                }
                            }
                        }
                    }
                }
            },
            "PostIcApiIntegrationV1FlowsRestOUT_JHM_TO_OM_VB1_0ProcessResponse": {
                "type": "object",
                "properties": {
                    "f": {
                        "type": "string"
                    }
                }
            },
            "PostIcApiIntegrationV1FlowsRestOUT_JHM_TO_OM_VB1_0OrgLoadRequest": {
                "type": "object",
                "properties": {
                    "CodeOrg": {
                        "type": "string"
                    },
                    "OrgName": {
                        "type": "string"
                    },
                    "ShipCriteria": {
                        "type": "string"
                    },
                    "ShipRule": {
                        "type": "string"
                    },
                    "Client": {
                        "type": "string"
                    }
                }
            },
            "PostIcApiIntegrationV1FlowsRestOUT_JHM_TO_OM_VB1_0OrgLoadResponse": {
                "type": "object",
                "properties": {
                    "CodeOrg": {
                        "type": "string"
                    },
                    "OrgName": {
                        "type": "string"
                    },
                    "ShipCriteria": {
                        "type": "string"
                    },
                    "ShipRule": {
                        "type": "string"
                    },
                    "Client": {
                        "type": "string"
                    }
                }
            }
        }
    }
}