{
    "error": false,
    "msg": "",
    "code": "success",
    "data": [
        {
            "idHeader": "",
            "OrderNumber": "",
            "HeaderId": "",
            "SourceTransactionNumber": "",
            "SourceTransactionSystem": "",
            "BusinessUnitName": "",
            "BuyingPartyName": "",
            "BuyingPartyContactName": "",
            "TransactionType": "",
            "RequestedShipDate": "",
            "TransactionalCurrencyName": "",
            "CustomerPONumber": "",
            "PaymentTerms": "",
            "Status": "",
            "ClientId": "",
            "LastUpdateDate": "",
            "IdLoad": "",
            "FileError": "",
            "RequestedFulfillmentOrganizationName": "",
            "lines": [
                {
                    "IdLine": "",
                    "LineNumber": "",
                    "idHeader": "",
                    "HeaderId": "",
                    "LineId": "",
                    "ProductNumber": "",
                    "UnitSellingPrice": "",
                    "OrderedQuantity": "",
                    "OrderedUOMCode": "",
                    "TransactionLineType": "",
                    "TransactionCategoryCode": ""
                },
                {
                    "IdLine": "",
                    "LineNumber": "",
                    "idHeader": "",
                    "HeaderId": "",
                    "LineId": "",
                    "ProductNumber": "",
                    "UnitSellingPrice": "",
                    "OrderedQuantity": "",
                    "OrderedUOMCode": "",
                    "TransactionLineType": "",
                    "TransactionCategoryCode": ""
                }
            ]
        },
        {
            "idHeader": "",
            "OrderNumber": "",
            "HeaderId": "",
            "SourceTransactionNumber": "",
            "SourceTransactionSystem": "",
            "BusinessUnitName": "",
            "BuyingPartyName": "",
            "BuyingPartyContactName": "",
            "TransactionType": "",
            "RequestedShipDate": "",
            "TransactionalCurrencyName": "",
            "CustomerPONumber": "",
            "PaymentTerms": "",
            "Status": "",
            "ClientId": "",
            "LastUpdateDate": "",
            "IdLoad": "",
            "FileError": "",
            "RequestedFulfillmentOrganizationName": "",
            "lines": [
                {
                    "IdLine": "",
                    "LineNumber": "",
                    "idHeader": "",
                    "HeaderId": "",
                    "LineId": "",
                    "ProductNumber": "",
                    "UnitSellingPrice": "",
                    "OrderedQuantity": "",
                    "OrderedUOMCode": "",
                    "TransactionLineType": "",
                    "TransactionCategoryCode": ""
                },
                {
                    "IdLine": "",
                    "LineNumber": "",
                    "idHeader": "",
                    "HeaderId": "",
                    "LineId": "",
                    "ProductNumber": "",
                    "UnitSellingPrice": "",
                    "OrderedQuantity": "",
                    "OrderedUOMCode": "",
                    "TransactionLineType": "",
                    "TransactionCategoryCode": ""
                }
            ]
        }
    ]
}