id,creationDate,lastUpdateDate,createdBy,lastUpdatedBy,uOMCode,uOM
3,2024-02-06T23:20:14.166,2024-02-06T23:20:14.166,jjuarez@it-globalsolutions.com,jjuarez@it-globalsolutions.com,PER,%
4,2024-02-06T23:20:14.167,2024-02-06T23:20:14.167,jjuarez@it-globalsolutions.com,jjuarez@it-globalsolutions.com,ALB,ALB
5,2024-02-06T23:20:14.167,2024-02-06T23:20:14.167,jjuarez@it-globalsolutions.com,jjuarez@it-globalsolutions.com,BOE,BOE
6,2024-02-06T23:20:14.167,2024-02-06T23:20:14.167,jjuarez@it-globalsolutions.com,jjuarez@it-globalsolutions.com,zzG,Bg
7,2024-02-06T23:20:14.167,2024-02-06T23:20:14.167,jjuarez@it-globalsolutions.com,jjuarez@it-globalsolutions.com,BI,Biannual
8,2024-02-06T23:20:14.167,2024-02-06T23:20:14.167,jjuarez@it-globalsolutions.com,jjuarez@it-globalsolutions.com,Brx,Brx
9,2024-02-06T23:20:14.167,2024-02-06T23:20:14.167,jjuarez@it-globalsolutions.com,jjuarez@it-globalsolutions.com,zzO,Bt
10,2024-02-06T23:20:14.167,2024-02-06T23:20:14.167,jjuarez@it-globalsolutions.com,jjuarez@it-globalsolutions.com,zzB,Bx
11,2024-02-06T23:20:14.167,2024-02-06T23:20:14.167,jjuarez@it-globalsolutions.com,jjuarez@it-globalsolutions.com,CM2,CM2
12,2024-02-06T23:20:14.167,2024-02-06T23:20:14.167,jjuarez@it-globalsolutions.com,jjuarez@it-globalsolutions.com,zzR,CNY
13,2024-02-06T23:20:14.167,2024-02-06T23:20:14.167,jjuarez@it-globalsolutions.com,jjuarez@it-globalsolutions.com,csS,CSS
14,2024-02-06T23:20:14.167,2024-02-06T23:20:14.167,jjuarez@it-globalsolutions.com,jjuarez@it-globalsolutions.com,zzi,Ca
15,2024-02-06T23:20:14.167,2024-02-06T23:20:14.167,jjuarez@it-globalsolutions.com,jjuarez@it-globalsolutions.com,C,Celsius
16,2024-02-06T23:20:14.167,2024-02-06T23:20:14.167,jjuarez@it-globalsolutions.com,jjuarez@it-globalsolutions.com,Ctr,Ctr
17,2024-02-06T23:20:14.167,2024-02-06T23:20:14.167,jjuarez@it-globalsolutions.com,jjuarez@it-globalsolutions.com,zzf,Day
18,2024-02-06T23:20:14.167,2024-02-06T23:20:14.167,jjuarez@it-globalsolutions.com,jjuarez@it-globalsolutions.com,zzh,Dz
19,2024-02-06T23:20:14.167,2024-02-06T23:20:14.167,jjuarez@it-globalsolutions.com,jjuarez@it-globalsolutions.com,zzS,EUR
20,2024-02-06T23:20:14.167,2024-02-06T23:20:14.167,jjuarez@it-globalsolutions.com,jjuarez@it-globalsolutions.com,zzu,Ea
21,2024-02-06T23:20:14.167,2024-02-06T23:20:14.167,jjuarez@it-globalsolutions.com,jjuarez@it-globalsolutions.com,FT2,FT2
22,2024-02-06T23:20:14.167,2024-02-06T23:20:14.167,jjuarez@it-globalsolutions.com,jjuarez@it-globalsolutions.com,F,Fahrenheit
23,2024-02-06T23:20:14.167,2024-02-06T23:20:14.167,jjuarez@it-globalsolutions.com,jjuarez@it-globalsolutions.com,zzy,GB
24,2024-02-06T23:20:14.167,2024-02-06T23:20:14.167,jjuarez@it-globalsolutions.com,jjuarez@it-globalsolutions.com,zzT,GBP
25,2024-02-06T23:20:14.167,2024-02-06T23:20:14.167,jjuarez@it-globalsolutions.com,jjuarez@it-globalsolutions.com,GHz,GHz
26,2024-02-06T23:20:14.167,2024-02-06T23:20:14.167,jjuarez@it-globalsolutions.com,jjuarez@it-globalsolutions.com,Gal,Gal
27,2024-02-06T23:20:14.167,2024-02-06T23:20:14.167,jjuarez@it-globalsolutions.com,jjuarez@it-globalsolutions.com,GAL,Gallon
28,2024-02-06T23:20:14.167,2024-02-06T23:20:14.167,jjuarez@it-globalsolutions.com,jjuarez@it-globalsolutions.com,Grm,Gram
29,2024-02-06T23:20:14.167,2024-02-06T23:20:14.167,jjuarez@it-globalsolutions.com,jjuarez@it-globalsolutions.com,HA,HA
30,2024-02-06T23:20:14.167,2024-02-06T23:20:14.167,jjuarez@it-globalsolutions.com,jjuarez@it-globalsolutions.com,zzt,Hr
31,2024-02-06T23:20:14.168,2024-02-06T23:20:14.168,jjuarez@it-globalsolutions.com,jjuarez@it-globalsolutions.com,Hz,Hz
32,2024-02-06T23:20:14.168,2024-02-06T23:20:14.168,jjuarez@it-globalsolutions.com,jjuarez@it-globalsolutions.com,IN2,IN2
33,2024-02-06T23:20:14.168,2024-02-06T23:20:14.168,jjuarez@it-globalsolutions.com,jjuarez@it-globalsolutions.com,KHz,KHz
34,2024-02-06T23:20:14.168,2024-02-06T23:20:14.168,jjuarez@it-globalsolutions.com,jjuarez@it-globalsolutions.com,KM2,KM2
35,2024-02-06T23:20:14.168,2024-02-06T23:20:14.168,jjuarez@it-globalsolutions.com,jjuarez@it-globalsolutions.com,Kgr,Kilogram
36,2024-02-06T23:20:14.168,2024-02-06T23:20:14.168,jjuarez@it-globalsolutions.com,jjuarez@it-globalsolutions.com,zzb,L
37,2024-02-06T23:20:14.168,2024-02-06T23:20:14.168,jjuarez@it-globalsolutions.com,jjuarez@it-globalsolutions.com,Lab,Lab
38,2024-02-06T23:20:14.168,2024-02-06T23:20:14.168,jjuarez@it-globalsolutions.com,jjuarez@it-globalsolutions.com,Lg,Lg
39,2024-02-06T23:20:14.168,2024-02-06T23:20:14.168,jjuarez@it-globalsolutions.com,jjuarez@it-globalsolutions.com,Ltr,Liter
40,2024-02-06T23:20:14.168,2024-02-06T23:20:14.168,jjuarez@it-globalsolutions.com,jjuarez@it-globalsolutions.com,lm,Lumen
41,2024-02-06T23:20:14.168,2024-02-06T23:20:14.168,jjuarez@it-globalsolutions.com,jjuarez@it-globalsolutions.com,M2,M2
42,2024-02-06T23:20:14.168,2024-02-06T23:20:14.168,jjuarez@it-globalsolutions.com,jjuarez@it-globalsolutions.com,zzq,MB
43,2024-02-06T23:20:14.168,2024-02-06T23:20:14.168,jjuarez@it-globalsolutions.com,jjuarez@it-globalsolutions.com,MG,MG_Each
44,2024-02-06T23:20:14.168,2024-02-06T23:20:14.168,jjuarez@it-globalsolutions.com,jjuarez@it-globalsolutions.com,MHz,MHz
45,2024-02-06T23:20:14.168,2024-02-06T23:20:14.168,jjuarez@it-globalsolutions.com,jjuarez@it-globalsolutions.com,MI2,MI2
46,2024-02-06T23:20:14.169,2024-02-06T23:20:14.169,jjuarez@it-globalsolutions.com,jjuarez@it-globalsolutions.com,MM2,MM2
47,2024-02-06T23:20:14.169,2024-02-06T23:20:14.169,jjuarez@it-globalsolutions.com,jjuarez@it-globalsolutions.com,Mll,Mililiter
48,2024-02-06T23:20:14.169,2024-02-06T23:20:14.169,jjuarez@it-globalsolutions.com,jjuarez@it-globalsolutions.com,zzg,Min
49,2024-02-06T23:20:14.169,2024-02-06T23:20:14.169,jjuarez@it-globalsolutions.com,jjuarez@it-globalsolutions.com,MT,Mnth
50,2024-02-06T23:20:14.169,2024-02-06T23:20:14.169,jjuarez@it-globalsolutions.com,jjuarez@it-globalsolutions.com,zzv,Month
51,2024-02-06T23:20:14.169,2024-02-06T23:20:14.169,jjuarez@it-globalsolutions.com,jjuarez@it-globalsolutions.com,NM,Nm
52,2024-02-06T23:20:14.169,2024-02-06T23:20:14.169,jjuarez@it-globalsolutions.com,jjuarez@it-globalsolutions.com,P,P
53,2024-02-06T23:20:14.356,2024-02-06T23:20:14.356,jjuarez@it-globalsolutions.com,jjuarez@it-globalsolutions.com,PLT,PLT
54,2024-02-06T23:20:14.356,2024-02-06T23:20:14.356,jjuarez@it-globalsolutions.com,jjuarez@it-globalsolutions.com,PSI,PSI
55,2024-02-06T23:20:14.356,2024-02-06T23:20:14.356,jjuarez@it-globalsolutions.com,jjuarez@it-globalsolutions.com,PU,PU
56,2024-02-06T23:20:14.356,2024-02-06T23:20:14.356,jjuarez@it-globalsolutions.com,jjuarez@it-globalsolutions.com,zzK,Pk
57,2024-02-06T23:20:14.356,2024-02-06T23:20:14.356,jjuarez@it-globalsolutions.com,jjuarez@it-globalsolutions.com,QTR,QTR
58,2024-02-06T23:20:14.356,2024-02-06T23:20:14.356,jjuarez@it-globalsolutions.com,jjuarez@it-globalsolutions.com,zzd,Sec
59,2024-02-06T23:20:14.356,2024-02-06T23:20:14.356,jjuarez@it-globalsolutions.com,jjuarez@it-globalsolutions.com,zzp,TB
60,2024-02-06T23:20:14.356,2024-02-06T23:20:14.356,jjuarez@it-globalsolutions.com,jjuarez@it-globalsolutions.com,T,TEMP
61,2024-02-06T23:20:14.356,2024-02-06T23:20:14.356,jjuarez@it-globalsolutions.com,jjuarez@it-globalsolutions.com,zzU,USD
62,2024-02-06T23:20:14.357,2024-02-06T23:20:14.357,jjuarez@it-globalsolutions.com,jjuarez@it-globalsolutions.com,V,V
63,2024-02-06T23:20:14.357,2024-02-06T23:20:14.357,jjuarez@it-globalsolutions.com,jjuarez@it-globalsolutions.com,W,Watts
64,2024-02-06T23:20:14.357,2024-02-06T23:20:14.357,jjuarez@it-globalsolutions.com,jjuarez@it-globalsolutions.com,zze,Week
65,2024-02-06T23:20:14.357,2024-02-06T23:20:14.357,jjuarez@it-globalsolutions.com,jjuarez@it-globalsolutions.com,YR,Year
66,2024-02-06T23:20:14.357,2024-02-06T23:20:14.357,jjuarez@it-globalsolutions.com,jjuarez@it-globalsolutions.com,zzj,Yr
67,2024-02-06T23:20:14.357,2024-02-06T23:20:14.357,jjuarez@it-globalsolutions.com,jjuarez@it-globalsolutions.com,amp,amp
68,2024-02-06T23:20:14.357,2024-02-06T23:20:14.357,jjuarez@it-globalsolutions.com,jjuarez@it-globalsolutions.com,cSt,cSt
69,2024-02-06T23:20:14.357,2024-02-06T23:20:14.357,jjuarez@it-globalsolutions.com,jjuarez@it-globalsolutions.com,cg,cg
70,2024-02-06T23:20:14.357,2024-02-06T23:20:14.357,jjuarez@it-globalsolutions.com,jjuarez@it-globalsolutions.com,zzn,cm
71,2024-02-06T23:20:14.357,2024-02-06T23:20:14.357,jjuarez@it-globalsolutions.com,jjuarez@it-globalsolutions.com,cm3,cm3
72,2024-02-06T23:20:14.357,2024-02-06T23:20:14.357,jjuarez@it-globalsolutions.com,jjuarez@it-globalsolutions.com,zzc,cu ft
73,2024-02-06T23:20:14.357,2024-02-06T23:20:14.357,jjuarez@it-globalsolutions.com,jjuarez@it-globalsolutions.com,zzs,cu in
74,2024-02-06T23:20:14.357,2024-02-06T23:20:14.357,jjuarez@it-globalsolutions.com,jjuarez@it-globalsolutions.com,dl,dl
75,2024-02-06T23:20:14.357,2024-02-06T23:20:14.357,jjuarez@it-globalsolutions.com,jjuarez@it-globalsolutions.com,eV,eV
76,2024-02-06T23:20:14.357,2024-02-06T23:20:14.357,jjuarez@it-globalsolutions.com,jjuarez@it-globalsolutions.com,zzw,fl oz
77,2024-02-06T23:20:14.357,2024-02-06T23:20:14.357,jjuarez@it-globalsolutions.com,jjuarez@it-globalsolutions.com,zzm,ft
78,2024-02-06T23:20:14.357,2024-02-06T23:20:14.357,jjuarez@it-globalsolutions.com,jjuarez@it-globalsolutions.com,zzV,g
79,2024-02-06T23:20:14.357,2024-02-06T23:20:14.357,jjuarez@it-globalsolutions.com,jjuarez@it-globalsolutions.com,hl,hl
80,2024-02-06T23:20:14.357,2024-02-06T23:20:14.357,jjuarez@it-globalsolutions.com,jjuarez@it-globalsolutions.com,zzx,in
81,2024-02-06T23:20:14.357,2024-02-06T23:20:14.357,jjuarez@it-globalsolutions.com,jjuarez@it-globalsolutions.com,zzQ,kWh
82,2024-02-06T23:20:14.357,2024-02-06T23:20:14.357,jjuarez@it-globalsolutions.com,jjuarez@it-globalsolutions.com,zzX,kg
83,2024-02-06T23:20:14.357,2024-02-06T23:20:14.357,jjuarez@it-globalsolutions.com,jjuarez@it-globalsolutions.com,zzk,km
84,2024-02-06T23:20:14.357,2024-02-06T23:20:14.357,jjuarez@it-globalsolutions.com,jjuarez@it-globalsolutions.com,zzr,lb
85,2024-02-06T23:20:14.357,2024-02-06T23:20:14.357,jjuarez@it-globalsolutions.com,jjuarez@it-globalsolutions.com,zzo,m
86,2024-02-06T23:20:14.357,2024-02-06T23:20:14.357,jjuarez@it-globalsolutions.com,jjuarez@it-globalsolutions.com,zzZ,m3
87,2024-02-06T23:20:14.357,2024-02-06T23:20:14.357,jjuarez@it-globalsolutions.com,jjuarez@it-globalsolutions.com,mA,mA
88,2024-02-06T23:20:14.357,2024-02-06T23:20:14.357,jjuarez@it-globalsolutions.com,jjuarez@it-globalsolutions.com,zza,mL
89,2024-02-06T23:20:14.357,2024-02-06T23:20:14.357,jjuarez@it-globalsolutions.com,jjuarez@it-globalsolutions.com,zzW,mg
90,2024-02-06T23:20:14.357,2024-02-06T23:20:14.357,jjuarez@it-globalsolutions.com,jjuarez@it-globalsolutions.com,mm,mg_mg
91,2024-02-06T23:20:14.357,2024-02-06T23:20:14.357,jjuarez@it-globalsolutions.com,jjuarez@it-globalsolutions.com,mi,mi
92,2024-02-06T23:20:14.357,2024-02-06T23:20:14.357,jjuarez@it-globalsolutions.com,jjuarez@it-globalsolutions.com,zzl,mm
93,2024-02-06T23:20:14.357,2024-02-06T23:20:14.357,jjuarez@it-globalsolutions.com,jjuarez@it-globalsolutions.com,mm3,mm3
94,2024-02-06T23:20:14.357,2024-02-06T23:20:14.357,jjuarez@it-globalsolutions.com,jjuarez@it-globalsolutions.com,mp,mp
95,2024-02-06T23:20:14.357,2024-02-06T23:20:14.357,jjuarez@it-globalsolutions.com,jjuarez@it-globalsolutions.com,ns,ns
96,2024-02-06T23:20:14.357,2024-02-06T23:20:14.357,jjuarez@it-globalsolutions.com,jjuarez@it-globalsolutions.com,zzY,oz
97,2024-02-06T23:20:14.357,2024-02-06T23:20:14.357,jjuarez@it-globalsolutions.com,jjuarez@it-globalsolutions.com,px,px
98,2024-02-06T23:20:14.357,2024-02-06T23:20:14.357,jjuarez@it-globalsolutions.com,jjuarez@it-globalsolutions.com,yd,yd
99,2024-02-06T23:20:14.359,2024-02-06T23:20:14.359,jjuarez@it-globalsolutions.com,jjuarez@it-globalsolutions.com,mmi,μm
