{
    "fields": [
        {
            "type": "number",
            "name": "id",
            "internal": false,
            "key": true,
            "oid": "65c83bbd-ad3c-46b6-9a82-df06155857bb",
            "required": true,
            "unique": true,
            "displayLabel": "Id"
        },
        {
            "type": "datetime",
            "name": "creationDate",
            "internal": false,
            "oid": "d89b1551-be5a-43b5-8c29-ff62040ce1d5",
            "displayLabel": "Created",
            "historyType": "timeCreated"
        },
        {
            "type": "datetime",
            "name": "lastUpdateDate",
            "internal": false,
            "oid": "c37d0f55-ac21-4356-af0c-64148e79e285",
            "displayLabel": "Last Updated",
            "historyType": "timeUpdated"
        },
        {
            "type": "string",
            "name": "createdBy",
            "internal": false,
            "oid": "7286eaa8-7023-4495-90ee-1475781638dc",
            "displayLabel": "Created By",
            "historyType": "createdBy"
        },
        {
            "type": "string",
            "name": "lastUpdatedBy",
            "internal": false,
            "oid": "73420b93-16f2-4f44-ac0f-d698665cf98f",
            "displayLabel": "Last Updated By",
            "historyType": "updatedBy"
        },
        {
            "type": "number",
            "name": "versionNumber",
            "internal": false,
            "oid": "01bf2996-fdc8-4767-9826-2b9d193026f7",
            "displayLabel": "Version Number",
            "historyType": "versionNumber"
        },
        {
            "type": "string",
            "name": "uOMCode",
            "oid": "200e4524-b442-4176-be72-d82d27d157cf",
            "displayLabel": "UOMCode"
        },
        {
            "type": "string",
            "name": "uOM",
            "oid": "22daa9e4-3d3a-4337-8619-bf3091b7cace",
            "displayLabel": "UOM"
        }
    ],
    "name": "UOM",
    "oid": "d40cc852-c22f-488d-8c66-6cd9c751dbb7",
    "displayLabel": "UOM",
    "security": {
        "type": "local",
        "acl": [
            {
                "roleId": "approle.anonymous.user",
                "privileges": [
                    {
                        "name": "view",
                        "value": true
                    },
                    {
                        "name": "create",
                        "value": true
                    },
                    {
                        "name": "update",
                        "value": false
                    },
                    {
                        "name": "delete",
                        "value": false
                    }
                ]
            },
            {
                "roleId": "approle.authenticated.user",
                "privileges": [
                    {
                        "name": "view",
                        "value": true
                    },
                    {
                        "name": "create",
                        "value": true
                    },
                    {
                        "name": "update",
                        "value": true
                    },
                    {
                        "name": "delete",
                        "value": true
                    }
                ]
            }
        ]
    }
}